{
    "meta": {
        "type": "db",
        "canSave": true,
        "canEdit": true,
        "canStar": true,
        "slug": "devopsmon",
        "expires": "0001-01-01T00:00:00Z",
        "created": "2017-12-08T19:21:37Z",
        "updated": "2017-12-20T07:30:52Z",
        "updatedBy": "admin",
        "createdBy": "admin",
        "version": 32
    },
    "Dashboard": {
	   "annotations": {
	   
    "list": [
      {
        "builtIn": 1,
        "datasource": "-- Grafana --",
        "enable": true,
        "hide": true,
        "iconColor": "rgba(0, 211, 255, 1)",
        "name": "Annotations & Alerts",
        "type": "dashboard"
      }
    ]
  },
       "description": "InfluxDB dashboards for telegraf metrics",
       "editable": true,
       "gnetId": 3056,
       "graphTooltip": 1,
       "hideControls": true,
       "id": null,
       "links": [],
       "refresh": "30s",
       "rows": [
    {
      "collapse": false,
      "height": "350px",
      "panels": [
        {
          "aliasColors": {},
          "bars": false,
          "dashLength": 10,
          "dashes": false,
          "datasource": "kafka",
          "editable": true,
          "error": false,
          "fill": 1,
          "height": "350px",
          "id": 1,
          "legend": {
            "avg": false,
            "current": false,
            "max": false,
            "min": false,
            "show": true,
            "total": false,
            "values": false
          },
          "lines": true,
          "linewidth": 1,
          "links": [],
          "minSpan": 12,
          "nullPointMode": "connected",
          "percentage": false,
          "pointradius": 5,
          "points": false,
          "renderer": "flot",
          "seriesOverrides": [],
          "spaceLength": 10,
          "span": 12,
          "stack": false,
          "steppedLine": false,
          "targets": [
            {
              "alias": "[[tag_engine_host]] $container ([[tag_com.docker.swarm.task.id]])",
              "dsType": "influxdb",
              "expr": "",
              "groupBy": [
                {
                  "params": [
                    "$interval"
                  ],
                  "type": "time"
                },
                {
                  "params": [
                    "engine_host"
                  ],
                  "type": "tag"
                },
                {
                  "params": [
                    "com.docker.swarm.task.id"
                  ],
                  "type": "tag"
                },
                {
                  "params": [
                    "null"
                  ],
                  "type": "fill"
                }
              ],
              "intervalFactor": 2,
              "measurement": "docker_container_cpu",
              "orderByTime": "ASC",
              "policy": "default",
              "refId": "A",
              "resultFormat": "time_series",
              "select": [
                [
                  {
                    "params": [
                      "usage_percent"
                    ],
                    "type": "field"
                  },
                  {
                    "params": [],
                    "type": "mean"
                  }
                ]
              ],
              "tags": [
                {
                  "key": "com.docker.swarm.service.name",
                  "operator": "=~",
                  "value": "/^$container$/"
                },
                {
                  "condition": "AND",
                  "key": "engine_host",
                  "operator": "=~",
                  "value": "/^$host$/"
                }
              ]
            }
          ],
          "thresholds": [],
          "timeFrom": null,
          "timeShift": null,
          "title": "CPU $container",
          "tooltip": {
            "msResolution": false,
            "shared": true,
            "sort": 0,
            "value_type": "individual"
          },
          "transparent": true,
          "type": "graph",
          "xaxis": {
            "buckets": null,
            "mode": "time",
            "name": null,
            "show": true,
            "values": []
          },
          "yaxes": [
            {
              "format": "percent",
              "label": null,
              "logBase": 1,
              "max": null,
              "min": null,
              "show": true
            },
            {
              "format": "short",
              "label": null,
              "logBase": 1,
              "max": null,
              "min": null,
              "show": true
            }
          ]
        },
        {
          "cacheTimeout": null,
          "colorBackground": false,
          "colorValue": true,
          "colors": [
            "rgba(50, 172, 45, 0.97)",
            "rgba(237, 129, 40, 0.89)",
            "rgba(245, 54, 54, 0.9)"
          ],
          "datasource": "kafka",
          "editable": true,
          "error": false,
          "format": "none",
          "gauge": {
            "maxValue": 100,
            "minValue": 0,
            "show": true,
            "thresholdLabels": false,
            "thresholdMarkers": true
          },
          "height": "350px",
          "id": 6,
          "interval": null,
          "links": [],
          "mappingType": 1,
          "mappingTypes": [
            {
              "name": "value to text",
              "value": 1
            },
            {
              "name": "range to text",
              "value": 2
            }
          ],
          "maxDataPoints": 100,
          "nullPointMode": "connected",
          "nullText": null,
          "postfix": "",
          "postfixFontSize": "50%",
          "prefix": "",
          "prefixFontSize": "50%",
          "rangeMaps": [
            {
              "from": "null",
              "text": "N/A",
              "to": "null"
            }
          ],
          "span": 3,
          "sparkline": {
            "fillColor": "rgba(31, 118, 189, 0.18)",
            "full": true,
            "lineColor": "rgb(31, 120, 193)",
            "show": true
          },
          "tableColumn": "",
          "targets": [
            {
              "dsType": "influxdb",
              "expr": "",
              "groupBy": [
                {
                  "params": [
                    "$interval"
                  ],
                  "type": "time"
                },
                {
                  "params": [
                    "null"
                  ],
                  "type": "fill"
                }
              ],
              "intervalFactor": 2,
              "measurement": "docker",
              "orderByTime": "ASC",
              "policy": "default",
              "refId": "A",
              "resultFormat": "time_series",
              "select": [
                [
                  {
                    "params": [
                      "n_containers_running"
                    ],
                    "type": "field"
                  },
                  {
                    "params": [],
                    "type": "mean"
                  }
                ]
              ],
              "tags": [
                {
                  "key": "engine_host",
                  "operator": "=~",
                  "value": "/^$host$/"
                }
              ]
            }
          ],
          "thresholds": "20,50,100",
          "title": "Number of running containers on host",
          "type": "singlestat",
          "valueFontSize": "80%",
          "valueMaps": [
            {
              "op": "=",
              "text": "N/A",
              "value": "null"
            }
          ],
          "valueName": "avg"
        },
        {
          "cacheTimeout": null,
          "colorBackground": false,
          "colorValue": true,
          "colors": [
            "rgba(50, 172, 45, 0.97)",
            "rgba(237, 129, 40, 0.89)",
            "rgba(245, 54, 54, 0.9)"
          ],
          "datasource": "kafka",
          "editable": true,
          "error": false,
          "format": "none",
          "gauge": {
            "maxValue": 1000,
            "minValue": 0,
            "show": true,
            "thresholdLabels": false,
            "thresholdMarkers": true
          },
          "height": "350px",
          "id": 7,
          "interval": null,
          "links": [],
          "mappingType": 1,
          "mappingTypes": [
            {
              "name": "value to text",
              "value": 1
            },
            {
              "name": "range to text",
              "value": 2
            }
          ],
          "maxDataPoints": 100,
          "nullPointMode": "connected",
          "nullText": null,
          "postfix": "",
          "postfixFontSize": "50%",
          "prefix": "",
          "prefixFontSize": "50%",
          "rangeMaps": [
            {
              "from": "null",
              "text": "N/A",
              "to": "null"
            }
          ],
          "span": 3,
          "sparkline": {
            "fillColor": "rgba(31, 118, 189, 0.18)",
            "full": true,
            "lineColor": "rgb(31, 120, 193)",
            "show": true
          },
          "tableColumn": "",
          "targets": [
            {
              "dsType": "influxdb",
              "expr": "",
              "groupBy": [
                {
                  "params": [
                    "$interval"
                  ],
                  "type": "time"
                },
                {
                  "params": [
                    "null"
                  ],
                  "type": "fill"
                }
              ],
              "hide": false,
              "intervalFactor": 2,
              "measurement": "docker",
              "orderByTime": "ASC",
              "policy": "default",
              "query": "SELECT mean(\"n_images\") FROM \"docker\" WHERE \"engine_host\" =~ /^$host$/ AND $timeFilter GROUP BY time($interval) fill(null)",
              "rawQuery": false,
              "refId": "A",
              "resultFormat": "time_series",
              "select": [
                [
                  {
                    "params": [
                      "n_images"
                    ],
                    "type": "field"
                  },
                  {
                    "params": [],
                    "type": "mean"
                  }
                ]
              ],
              "tags": [
                {
                  "key": "engine_host",
                  "operator": "=~",
                  "value": "/^$host$/"
                }
              ]
            }
          ],
          "thresholds": "350,700,1000",
          "title": "Number of images on host",
          "type": "singlestat",
          "valueFontSize": "80%",
          "valueMaps": [
            {
              "op": "=",
              "text": "N/A",
              "value": "null"
            }
          ],
          "valueName": "avg"
        },
        {
          "cacheTimeout": null,
          "colorBackground": false,
          "colorValue": true,
          "colors": [
            "rgba(50, 172, 45, 0.97)",
            "rgba(237, 129, 40, 0.89)",
            "rgba(245, 54, 54, 0.9)"
          ],
          "datasource": "kafka",
          "editable": true,
          "error": false,
          "format": "percent",
          "gauge": {
            "maxValue": 100,
            "minValue": 0,
            "show": true,
            "thresholdLabels": false,
            "thresholdMarkers": true
          },
          "height": "350px",
          "id": 10,
          "interval": null,
          "links": [],
          "mappingType": 1,
          "mappingTypes": [
            {
              "name": "value to text",
              "value": 1
            },
            {
              "name": "range to text",
              "value": 2
            }
          ],
          "maxDataPoints": 100,
          "nullPointMode": "connected",
          "nullText": null,
          "postfix": "",
          "postfixFontSize": "50%",
          "prefix": "",
          "prefixFontSize": "50%",
          "rangeMaps": [
            {
              "from": "null",
              "text": "N/A",
              "to": "null"
            }
          ],
          "span": 3,
          "sparkline": {
            "fillColor": "rgba(31, 118, 189, 0.18)",
            "full": false,
            "lineColor": "rgb(31, 120, 193)",
            "show": true
          },
          "tableColumn": "",
          "targets": [
            {
              "alias": "[[tag_com.docker.swarm.service.name]]",
              "dsType": "influxdb",
              "expr": "",
              "groupBy": [
                {
                  "params": [
                    "$interval"
                  ],
                  "type": "time"
                },
                {
                  "params": [
                    "com.docker.swarm.service.name"
                  ],
                  "type": "tag"
                },
                {
                  "params": [
                    "null"
                  ],
                  "type": "fill"
                }
              ],
              "intervalFactor": 2,
              "measurement": "docker_container_mem",
              "orderByTime": "ASC",
              "policy": "default",
              "refId": "A",
              "resultFormat": "time_series",
              "select": [
                [
                  {
                    "params": [
                      "usage_percent"
                    ],
                    "type": "field"
                  },
                  {
                    "params": [],
                    "type": "mean"
                  }
                ]
              ],
              "tags": [
                {
                  "key": "com.docker.swarm.service.name",
                  "operator": "=~",
                  "value": "/^$container$/"
                },
                {
                  "condition": "AND",
                  "key": "engine_host",
                  "operator": "=~",
                  "value": "/^$host$/"
                }
              ]
            }
          ],
          "thresholds": "20,80",
          "title": "Memory usage % for $container",
          "type": "singlestat",
          "valueFontSize": "80%",
          "valueMaps": [
            {
              "op": "=",
              "text": "N/A",
              "value": "null"
            }
          ],
          "valueName": "avg"
        },
        {
          "cacheTimeout": null,
          "colorBackground": false,
          "colorValue": true,
          "colors": [
            "rgba(50, 172, 45, 0.97)",
            "rgba(237, 129, 40, 0.89)",
            "rgba(245, 54, 54, 0.9)"
          ],
          "datasource": "kafka",
          "decimals": 0,
          "editable": true,
          "error": false,
          "format": "percent",
          "gauge": {
            "maxValue": 400,
            "minValue": 0,
            "show": true,
            "thresholdLabels": false,
            "thresholdMarkers": true
          },
          "height": "350px",
          "id": 4,
          "interval": null,
          "links": [],
          "mappingType": 1,
          "mappingTypes": [
            {
              "name": "value to text",
              "value": 1
            },
            {
              "name": "range to text",
              "value": 2
            }
          ],
          "maxDataPoints": 100,
          "nullPointMode": "connected",
          "nullText": null,
          "postfix": "",
          "postfixFontSize": "50%",
          "prefix": "",
          "prefixFontSize": "50%",
          "rangeMaps": [
            {
              "from": "null",
              "text": "N/A",
              "to": "null"
            }
          ],
          "span": 3,
          "sparkline": {
            "fillColor": "rgba(31, 118, 189, 0.18)",
            "full": false,
            "lineColor": "rgb(31, 120, 193)",
            "show": true
          },
          "tableColumn": "",
          "targets": [
            {
              "alias": "[[tag_com.docker.swarm.service.name]]",
              "dsType": "influxdb",
              "expr": "",
              "groupBy": [
                {
                  "params": [
                    "$interval"
                  ],
                  "type": "time"
                },
                {
                  "params": [
                    "com.docker.swarm.service.name"
                  ],
                  "type": "tag"
                },
                {
                  "params": [
                    "null"
                  ],
                  "type": "fill"
                }
              ],
              "intervalFactor": 2,
              "measurement": "docker_container_cpu",
              "orderByTime": "ASC",
              "policy": "default",
              "refId": "A",
              "resultFormat": "time_series",
              "select": [
                [
                  {
                    "params": [
                      "usage_percent"
                    ],
                    "type": "field"
                  },
                  {
                    "params": [],
                    "type": "mean"
                  }
                ]
              ],
              "tags": [
                {
                  "key": "com.docker.swarm.service.name",
                  "operator": "=~",
                  "value": "/^$container$/"
                },
                {
                  "condition": "AND",
                  "key": "engine_host",
                  "operator": "=~",
                  "value": "/^$host$/"
                }
              ]
            }
          ],
          "thresholds": "80,150,400",
          "title": "CPU usage % for $container",
          "type": "singlestat",
          "valueFontSize": "80%",
          "valueMaps": [
            {
              "op": "=",
              "text": "N/A",
              "value": "null"
            }
          ],
          "valueName": "avg"
        }
      ],
      "repeat": null,
      "repeatIteration": null,
      "repeatRowId": null,
      "showTitle": false,
      "title": "Dashboard Row",
      "titleSize": "h6"
    },
    {
      "collapse": false,
      "height": 327,
      "panels": [
        {
          "aliasColors": {},
          "bars": false,
          "dashLength": 10,
          "dashes": false,
          "datasource": "kafka",
          "editable": true,
          "error": false,
          "fill": 1,
          "id": 3,
          "legend": {
            "alignAsTable": true,
            "avg": true,
            "current": true,
            "max": true,
            "min": false,
            "rightSide": true,
            "show": true,
            "sort": "avg",
            "sortDesc": true,
            "total": false,
            "values": true
          },
          "lines": true,
          "linewidth": 1,
          "links": [],
          "nullPointMode": "connected",
          "percentage": false,
          "pointradius": 5,
          "points": false,
          "renderer": "flot",
          "seriesOverrides": [],
          "spaceLength": 10,
          "span": 12,
          "stack": false,
          "steppedLine": false,
          "targets": [
            {
              "alias": "[[tag_com.docker.swarm.service.name]] [[tag_com.viavi.bamboo-build-version]] ([[tag_com.docker.swarm.task.id]])",
              "dsType": "influxdb",
              "expr": "",
              "groupBy": [
                {
                  "params": [
                    "$interval"
                  ],
                  "type": "time"
                },
                {
                  "params": [
                    "container_name"
                  ],
                  "type": "tag"
                },
                {
                  "params": [
                    "com.docker.swarm.service.name"
                  ],
                  "type": "tag"
                },
                {
                  "params": [
                    "engine_host"
                  ],
                  "type": "tag"
                },
                {
                  "params": [
                    "com.docker.swarm.task.id"
                  ],
                  "type": "tag"
                },
                {
                  "params": [
                    "com.viavi.bamboo-build-version"
                  ],
                  "type": "tag"
                },
                {
                  "params": [
                    "null"
                  ],
                  "type": "fill"
                }
              ],
              "intervalFactor": 2,
              "measurement": "docker_container_cpu",
              "orderByTime": "ASC",
              "policy": "default",
              "refId": "A",
              "resultFormat": "time_series",
              "select": [
                [
                  {
                    "params": [
                      "usage_percent"
                    ],
                    "type": "field"
                  },
                  {
                    "params": [],
                    "type": "mean"
                  }
                ]
              ],
              "tags": [
                {
                  "key": "engine_host",
                  "operator": "=~",
                  "value": "/^$host$/"
                }
              ]
            }
          ],
          "thresholds": [],
          "timeFrom": null,
          "timeShift": null,
          "title": "CPU global usage",
          "tooltip": {
            "msResolution": false,
            "shared": true,
            "sort": 0,
            "value_type": "individual"
          },
          "transparent": true,
          "type": "graph",
          "xaxis": {
            "buckets": null,
            "mode": "time",
            "name": null,
            "show": true,
            "values": []
          },
          "yaxes": [
            {
              "format": "percent",
              "label": null,
              "logBase": 1,
              "max": null,
              "min": null,
              "show": true
            },
            {
              "format": "short",
              "label": null,
              "logBase": 1,
              "max": null,
              "min": null,
              "show": true
            }
          ]
        }
      ],
      "repeat": null,
      "repeatIteration": null,
      "repeatRowId": null,
      "showTitle": false,
      "title": "Dashboard Row",
      "titleSize": "h6"
    },
    {
      "collapse": false,
      "height": 315,
      "panels": [
        {
          "aliasColors": {},
          "bars": false,
          "dashLength": 10,
          "dashes": false,
          "datasource": "kafka",
          "editable": true,
          "error": false,
          "fill": 1,
          "id": 5,
          "legend": {
            "avg": false,
            "current": false,
            "max": false,
            "min": false,
            "show": true,
            "total": false,
            "values": false
          },
          "lines": true,
          "linewidth": 1,
          "links": [],
          "nullPointMode": "connected",
          "percentage": false,
          "pointradius": 5,
          "points": false,
          "renderer": "flot",
          "seriesOverrides": [],
          "spaceLength": 10,
          "span": 5,
          "stack": false,
          "steppedLine": false,
          "targets": [
            {
              "alias": "Running containers",
              "dsType": "influxdb",
              "expr": "",
              "groupBy": [
                {
                  "params": [
                    "$interval"
                  ],
                  "type": "time"
                },
                {
                  "params": [
                    "null"
                  ],
                  "type": "fill"
                }
              ],
              "intervalFactor": 2,
              "measurement": "docker",
              "orderByTime": "ASC",
              "policy": "default",
              "query": "SELECT mean(\"n_containers_running\") FROM \"docker\" WHERE \"host\" =~ /^$host$/ AND $timeFilter GROUP BY time($interval) fill(null)",
              "rawQuery": false,
              "refId": "A",
              "resultFormat": "time_series",
              "select": [
                [
                  {
                    "params": [
                      "n_containers_running"
                    ],
                    "type": "field"
                  },
                  {
                    "params": [],
                    "type": "mean"
                  }
                ]
              ],
              "tags": [
                {
                  "key": "engine_host",
                  "operator": "=~",
                  "value": "/^$host$/"
                }
              ]
            },
            {
              "alias": "Paused containers",
              "dsType": "influxdb",
              "expr": "",
              "groupBy": [
                {
                  "params": [
                    "$interval"
                  ],
                  "type": "time"
                },
                {
                  "params": [
                    "null"
                  ],
                  "type": "fill"
                }
              ],
              "intervalFactor": 2,
              "measurement": "docker",
              "orderByTime": "ASC",
              "policy": "default",
              "query": "SELECT mean(\"n_containers_running\") FROM \"docker\" WHERE \"host\" =~ /^$host$/ AND $timeFilter GROUP BY time($interval) fill(null)",
              "rawQuery": false,
              "refId": "B",
              "resultFormat": "time_series",
              "select": [
                [
                  {
                    "params": [
                      "n_containers_paused"
                    ],
                    "type": "field"
                  },
                  {
                    "params": [],
                    "type": "mean"
                  }
                ]
              ],
              "tags": [
                {
                  "key": "engine_host",
                  "operator": "=~",
                  "value": "/^$host$/"
                }
              ]
            },
            {
              "alias": "Stopped containers",
              "dsType": "influxdb",
              "expr": "",
              "groupBy": [
                {
                  "params": [
                    "$interval"
                  ],
                  "type": "time"
                },
                {
                  "params": [
                    "null"
                  ],
                  "type": "fill"
                }
              ],
              "intervalFactor": 2,
              "measurement": "docker",
              "orderByTime": "ASC",
              "policy": "default",
              "query": "SELECT mean(\"n_containers_running\") FROM \"docker\" WHERE \"host\" =~ /^$host$/ AND $timeFilter GROUP BY time($interval) fill(null)",
              "rawQuery": false,
              "refId": "C",
              "resultFormat": "time_series",
              "select": [
                [
                  {
                    "params": [
                      "n_containers_stopped"
                    ],
                    "type": "field"
                  },
                  {
                    "params": [],
                    "type": "mean"
                  }
                ]
              ],
              "tags": [
                {
                  "key": "engine_host",
                  "operator": "=~",
                  "value": "/^$host$/"
                }
              ]
            }
          ],
          "thresholds": [],
          "timeFrom": null,
          "timeShift": null,
          "title": "Container status",
          "tooltip": {
            "msResolution": false,
            "shared": true,
            "sort": 0,
            "value_type": "individual"
          },
          "type": "graph",
          "xaxis": {
            "buckets": null,
            "mode": "time",
            "name": null,
            "show": true,
            "values": []
          },
          "yaxes": [
            {
              "format": "short",
              "label": null,
              "logBase": 1,
              "max": null,
              "min": null,
              "show": true
            },
            {
              "format": "short",
              "label": null,
              "logBase": 1,
              "max": null,
              "min": null,
              "show": true
            }
          ]
        },
        {
          "aliasColors": {},
          "bars": false,
          "dashLength": 10,
          "dashes": false,
          "datasource": "kafka",
          "editable": true,
          "error": false,
          "fill": 2,
          "id": 9,
          "legend": {
            "alignAsTable": true,
            "avg": false,
            "current": false,
            "max": false,
            "min": false,
            "rightSide": true,
            "show": true,
            "total": false,
            "values": false
          },
          "lines": true,
          "linewidth": 1,
          "links": [],
          "nullPointMode": "connected",
          "percentage": false,
          "pointradius": 5,
          "points": false,
          "renderer": "flot",
          "seriesOverrides": [],
          "spaceLength": 10,
          "span": 7,
          "stack": true,
          "steppedLine": false,
          "targets": [
            {
              "alias": "[[tag_com.docker.swarm.service.name]] [[tag_com.viavi.bamboo-build-version]] ([[tag_com.docker.swarm.task.id]])",
              "dsType": "influxdb",
              "expr": "",
              "groupBy": [
                {
                  "params": [
                    "$interval"
                  ],
                  "type": "time"
                },
                {
                  "params": [
                    "com.docker.swarm.service.name"
                  ],
                  "type": "tag"
                },
                {
                  "params": [
                    "container_name"
                  ],
                  "type": "tag"
                },
                {
                  "params": [
                    "engine_host"
                  ],
                  "type": "tag"
                },
                {
                  "params": [
                    "com.docker.swarm.task.id"
                  ],
                  "type": "tag"
                },
                {
                  "params": [
                    "com.viavi.bamboo-build-version"
                  ],
                  "type": "tag"
                },
                {
                  "params": [
                    "null"
                  ],
                  "type": "fill"
                }
              ],
              "intervalFactor": 2,
              "measurement": "docker_container_mem",
              "orderByTime": "ASC",
              "policy": "default",
              "refId": "A",
              "resultFormat": "time_series",
              "select": [
                [
                  {
                    "params": [
                      "usage"
                    ],
                    "type": "field"
                  },
                  {
                    "params": [],
                    "type": "mean"
                  }
                ]
              ],
              "tags": [
                {
                  "key": "engine_host",
                  "operator": "=~",
                  "value": "/^$host$/"
                }
              ]
            }
          ],
          "thresholds": [],
          "timeFrom": null,
          "timeShift": null,
          "title": "Memory usage",
          "tooltip": {
            "msResolution": false,
            "shared": true,
            "sort": 0,
            "value_type": "individual"
          },
          "type": "graph",
          "xaxis": {
            "buckets": null,
            "mode": "time",
            "name": null,
            "show": true,
            "values": []
          },
          "yaxes": [
            {
              "format": "bytes",
              "label": null,
              "logBase": 1,
              "max": null,
              "min": null,
              "show": true
            },
            {
              "format": "short",
              "label": null,
              "logBase": 1,
              "max": null,
              "min": null,
              "show": true
            }
          ]
        }
      ],
      "repeat": null,
      "repeatIteration": null,
      "repeatRowId": null,
      "showTitle": false,
      "title": "Dashboard Row",
      "titleSize": "h6"
    },
    {
      "collapse": false,
      "height": 317,
      "panels": [
        {
          "aliasColors": {},
          "bars": false,
          "dashLength": 10,
          "dashes": false,
          "datasource": "kafka",
          "editable": true,
          "error": false,
          "fill": 1,
          "id": 8,
          "legend": {
            "alignAsTable": true,
            "avg": false,
            "current": true,
            "max": true,
            "min": false,
            "show": true,
            "total": false,
            "values": true
          },
          "lines": true,
          "linewidth": 1,
          "links": [],
          "nullPointMode": "connected",
          "percentage": false,
          "pointradius": 5,
          "points": false,
          "renderer": "flot",
          "seriesOverrides": [
            {
              "alias": "/^.* OUT$/",
              "transform": "negative-Y"
            }
          ],
          "spaceLength": 10,
          "span": 12,
          "stack": false,
          "steppedLine": false,
          "targets": [
            {
              "alias": "[[tag_com.docker.swarm.service.name]] ([[tag_com.docker.swarm.task.id]]) OUT",
              "dsType": "influxdb",
              "expr": "",
              "groupBy": [
                {
                  "params": [
                    "$interval"
                  ],
                  "type": "time"
                },
                {
                  "params": [
                    "com.docker.swarm.service.name"
                  ],
                  "type": "tag"
                },
                {
                  "params": [
                    "engine_host"
                  ],
                  "type": "tag"
                },
                {
                  "params": [
                    "com.docker.swarm.task.id"
                  ],
                  "type": "tag"
                },
                {
                  "params": [
                    "null"
                  ],
                  "type": "fill"
                }
              ],
              "hide": false,
              "intervalFactor": 2,
              "measurement": "docker_container_net",
              "orderByTime": "ASC",
              "policy": "default",
              "query": "SELECT derivative(mean(\"tx_bytes\"), 10s) FROM \"docker_container_net\" WHERE \"host\" =~ /^$host$/ AND $timeFilter GROUP BY time($interval), \"com.docker.swarm.service.name\" fill(null)",
              "rawQuery": false,
              "refId": "A",
              "resultFormat": "time_series",
              "select": [
                [
                  {
                    "params": [
                      "tx_bytes"
                    ],
                    "type": "field"
                  },
                  {
                    "params": [],
                    "type": "mean"
                  },
                  {
                    "params": [
                      "10s"
                    ],
                    "type": "derivative"
                  }
                ]
              ],
              "tags": [
                {
                  "key": "engine_host",
                  "operator": "=~",
                  "value": "/^$host$/"
                }
              ]
            },
            {
              "alias": "[[tag_com.docker.swarm.service.name]] ([[tag_com.docker.swarm.task.id]]) IN",
              "dsType": "influxdb",
              "expr": "",
              "groupBy": [
                {
                  "params": [
                    "$interval"
                  ],
                  "type": "time"
                },
                {
                  "params": [
                    "com.docker.swarm.service.name"
                  ],
                  "type": "tag"
                },
                {
                  "params": [
                    "com.docker.swarm.task.id"
                  ],
                  "type": "tag"
                },
                {
                  "params": [
                    "engine_host"
                  ],
                  "type": "tag"
                },
                {
                  "params": [
                    "null"
                  ],
                  "type": "fill"
                }
              ],
              "intervalFactor": 2,
              "measurement": "docker_container_net",
              "orderByTime": "ASC",
              "policy": "default",
              "refId": "B",
              "resultFormat": "time_series",
              "select": [
                [
                  {
                    "params": [
                      "rx_bytes"
                    ],
                    "type": "field"
                  },
                  {
                    "params": [],
                    "type": "mean"
                  },
                  {
                    "params": [
                      "10s"
                    ],
                    "type": "derivative"
                  }
                ]
              ],
              "tags": [
                {
                  "key": "engine_host",
                  "operator": "=~",
                  "value": "/^$host$/"
                }
              ]
            }
          ],
          "thresholds": [],
          "timeFrom": null,
          "timeShift": null,
          "title": "Network overview for $host",
          "tooltip": {
            "msResolution": false,
            "shared": true,
            "sort": 0,
            "value_type": "individual"
          },
          "transparent": true,
          "type": "graph",
          "xaxis": {
            "buckets": null,
            "mode": "time",
            "name": null,
            "show": true,
            "values": []
          },
          "yaxes": [
            {
              "format": "bytes",
              "label": "",
              "logBase": 1,
              "max": null,
              "min": "0",
              "show": true
            },
            {
              "format": "short",
              "label": "",
              "logBase": 1,
              "max": null,
              "min": null,
              "show": true
            }
          ]
        }
      ],
      "repeat": null,
      "repeatIteration": null,
      "repeatRowId": null,
      "showTitle": false,
      "title": "Dashboard Row",
      "titleSize": "h6"
    }
  ],
       "schemaVersion": 14,
       "style": "dark",
       "tags": [
    "docker",
    "telegraf"
  ],
       "templating": {
    "list": [
      {
        "allValue": null,
        "current": {},
        "datasource": "${DS_KAFKA}",
        "hide": 0,
        "includeAll": false,
        "label": "Host",
        "multi": false,
        "name": "host",
        "options": [],
        "query": "show tag values with key = \"engine_host\"\t",
        "refresh": 1,
        "regex": "",
        "sort": 1,
        "tagValuesQuery": "",
        "tags": [],
        "tagsQuery": "",
        "type": "query",
        "useTags": false
      },
      {
        "allValue": null,
        "current": {},
        "datasource": "${DS_KAFKA}",
        "hide": 0,
        "includeAll": false,
        "label": "Service",
        "multi": false,
        "name": "container",
        "options": [],
        "query": "show tag values with key = \"com.docker.swarm.service.name\" WHERE engine_host =~ /^$host$/ ",
        "refresh": 1,
        "regex": "",
        "sort": 1,
        "tagValuesQuery": "",
        "tags": [],
        "tagsQuery": "",
        "type": "query",
        "useTags": false
      }
    ]
  },
       "time": {
    "from": "now-12h",
    "to": "now"
  },
       "timepicker": {
    "refresh_intervals": [
      "5s",
      "10s",
      "30s",
      "1m",
      "5m",
      "15m",
      "30m",
      "1h",
      "2h",
      "1d"
    ],
    "time_options": [
      "5m",
      "15m",
      "1h",
      "6h",
      "12h",
      "24h",
      "2d",
      "7d",
      "30d"
    ]
  },
       "timezone": "browser",
       "title": "Docker Metrics per container",
       "version": 1	
	
	}

}
